address,latitude,longitude
"333 Welshwood Dr, Nashville, TN 37211, USA",36.0825645,-86.7297817
"Hendersonville, Sumner County, Tennessee, USA",36.3049177,-86.621443
"306 Jackson St, Murfreesboro, Tennessee, USA",35.8508881,-86.3877647
"253 Riverside Drive, Nashville, TN, USA",36.173901,-86.726673
"370 Natchez St., Franklin, Tennessee, USA",35.9170077,-86.8792929
"Ashland City, Cheatham County, Tennessee, USA",36.2742207,-87.0641699
"1276 Foster Ave, Nashville, TN 37210, USA",36.1296061,-86.7417914
"510 Woodland Street, Nashville, TN, USA",36.1718756,-86.7643986
"Nashville, Davidson County, Tennessee, USA",36.1622767,-86.7742984
"2817 West End Ave, Nashville, TN 37203, USA",36.144374,-86.812215
"1935 21st Avenue South, Nashville, TN, USA",36.1354858,-86.801129
"1109 Woodland Street, Nashville, TN, USA",36.1775736,-86.7488159
"1720 West End Ave, Nashville, TN 37203, USA",36.1534841,-86.7958554
"115 Woodmont Blvd, Nashville, TN 37205, USA",36.1167184,-86.8386652
"914 Davidson Drive, Nashville, Tennessee, USA",36.1177084,-86.897332
"9161 Sydney Ln, Brentwood, TN, USA",35.9422091,-86.7651011
"3256 Knobview Dr, Nashville, Tennessee, USA",36.1774502,-86.6717853
"1510 Memorial Blvd, Murfreesboro, TN, USA",35.8917688,-86.3824544
"570 Rome Pike, Lebanon, TN 37087, USA",36.2156062,-86.2748304
"210 25th Avenue North, Nashville, TN, USA",36.1483296,-86.8086227
"4610 Charlotte Ave, Nashville, TN 37209, USA",36.1522742,-86.8424789
"170D E. Main St. #236, Hendersonville, Tennessee, USA",36.3135739,-86.5930416
"705 Vosswood Dr, Nashville, Tennessee, USA",36.1127581,-86.8809455
"351 Stumpy Lane, Lebanon, TN, USA",36.1667735,-86.3044155
"800 Fort Negley Blvd, Nashville, TN 37203, USA",36.147089,-86.77598
"1515 Russell St, Nashville, TN, USA",36.174671,-86.7439403
"50 Vantage Way, Nashville, TN 37228, USA",36.1917653,-86.7939834
"446 11th Ave N, Franklin, Tennessee, USA",35.9255605,-86.879865
"1906 Glen Echo Road, Nashville, TN, USA",36.1081196,-86.8096777
"827 South Douglas Avenue, Nashville, TN, USA",36.1310382,-86.7816007
"111 W Main St, Gallatin, TN 37066, USA",36.388135,-86.446728
"809 Percy Warner Blvd, Nashville, TN 37205, USA",36.084279,-86.8930226
"575 Joyce Ln, Nashville, TN 37216, USA",36.2328406,-86.7456436
"1718 Patterson Street, Nashville, TN, USA",36.1576032,-86.7977686
"1801 West End Ave, Nashville, Tennessee, USA",36.1525199,-86.7960563
"2733 Pine Ridge Dr, Nashville, Tennessee, USA",36.2214956,-86.7675767
"850 NW Broad St, Murfreesboro, TN 37129, USA",35.8437211,-86.3935638
"1800 Baptist World Center Drive, Nashville, Tennessee, USA",36.1940749,-86.778607
"2000 Charlotte Ave, Nashville, TN 37203, USA",36.156973,-86.804643
"8161 Highway 100, Nashville, Tennessee, USA",36.0435637,-86.9570612
"1818 Patterson St, Nashville, TN 37203, USA",36.1568349,-86.7993333
"2195 Nolensville Pk, Nashville, TN 37211, USA",36.1264803,-86.7535055
"501 Memorial Boulevard, Murfreesboro, TN, USA",35.85175,-86.3980943
"2201 Charlotte Avenue, Nashville, Tennessee, USA",36.155791,-86.8076069
"4183 Franklin Rd, Murfreesboro, TN, USA",35.846572,-86.4107381
"2620 Clarksville Pike, Nashville, TN, USA",36.1866437,-86.8191092
"Nashville, TN, USA",36.1622767,-86.7742984
"440 Welshwood Drive, Nashville, Tennessee, USA",36.08302,-86.731389
"1919 16th Ave North, Nashville, Tennessee, USA",36.1823472,-86.8110193
"1108 McKennie Ave, Nashville, TN 37206, USA",36.1917721,-86.7446391
"4210 Harding Pike, Nashville, Tennessee, USA",36.1327979,-86.8434881
"4321 Woodbury Pike, Murfreesboro, TN 37130, USA",35.8326216,-86.3111565
"Nolensville, Williamson County, Tennessee, USA",35.9522852,-86.6694413
"Brentwood, Williamson County, Tennessee, USA",36.0325687,-86.7825235
"301 Anna Court, Nashville, TN, USA",36.231512,-86.778245
"315 W Smith St, Gallatin, TN 37066, USA",36.3858463,-86.4514841
"955 Woodland St, Nashville, TN 37206, USA",36.1762218,-86.7535288
"2624 Morena St, Nashville, TN 37208, USA",36.163322,-86.8161963
"4555 Trousdale Dr, Nashville, TN 37204, USA",36.085839,-86.7548386
"308 N Spring St, Murfreesboro, TN 37130, USA",35.8481348,-86.3897288
"Murfreesboro, Rutherford County, Tennessee, USA",35.8460396,-86.3921096
"1508 Clairmont Pl, Nashville, TN 37215, USA",36.1115713,-86.7971341
"6515 Holt Rd, Nashville, TN, USA",36.0133675,-86.7135719
"3010 Tuggle Ave, Nashville, TN 37211, USA",36.1078974,-86.7335169
"1512 Ogden Dr, Nashville, TN, USA",36.1819074,-86.8384967
"500 Hillside Court, Nashville, Tennessee, USA",36.1409353,-86.7823279
"920 Woodland St, Nashville, TN 37206, USA",36.1754101,-86.7551644
"1226 Lakeview Drive, Franklin, TN, USA",35.919501,-86.8254607
"6937 Stone Run Drive, Nashville, TN, USA",36.011122,-86.722574
"827 W McKennie Ave, Nashville, TN 37206, USA",36.1926024,-86.7540849
"8161 Highway 100, #256, Nashville, Tennessee, USA",36.0435637,-86.9570612
"1111 Foster Ave, Nashville, TN 37210, USA",36.136684,-86.741256
"2102 Belcourt Ave, Nashville, TN 37212, USA",36.1367235,-86.8010679
"5025 Harding Pike, Nashville, TN 37205, USA",36.1057096,-86.8646108
"650 Colice Jeanne Rd, Nashville, Tennessee, USA",36.0716286,-86.9342627
"948 Beech Bend Dr, Nashville, TN 37221, USA",36.05451,-86.9426859
"655A Colice Jeanne Road, Nashville, Tennessee, USA",36.0673958,-86.9301721
"621 McPherson Dr, Nashville, Tennessee, USA",36.0600907,-86.932152
"1900 Belmont Boulevard, Nashville, Tennessee, USA",36.135233,-86.795485
"1900 Belmont Blvd, Nashville, Tennessee, USA",36.135233,-86.795485
"6300 Charlotte Ave, Nashville, TN 37209, USA",36.1519549,-86.8487967
"150 39th Avenue North, Nashville, TN, USA",36.1438913,-86.8311324
"2300 Clifton Ave, Nashville, TN, USA",36.157953,-86.809612
"5555 Franklin Pike, Nashville, Tennessee, USA",36.0438426,-86.7798028
"709 Nissan Dr, Smyrna, TN 37167, USA",35.976638,-86.492503
"1035 Acorn Dr, Nashville, TN 37210, USA",36.1509715,-86.7003916
"1417 Charlotte Ave, Nashville, TN 37203, USA",36.160237,-86.7946212
"5643 Kendall Dr, Nashville, TN, USA",36.1396222,-86.8591977
"511 W Meade Blvd, Franklin, TN 37064, USA",35.9147436,-86.8853735
"2621 Nolensville Pk, Nashville, TN 37211, USA",36.1012024,-86.7402656
"1017 Crimson Way, Hendersonville, Tennessee, USA",36.3546193,-86.5899275
"100 Powell Pl, Nashville, TN 37204, USA",36.105687,-86.765079
"2013 25th Avenue North, Nashville, TN, USA",36.1834556,-86.8175797
"3604 Whitland Avenue, Nashville, Tennessee, USA",36.1338111,-86.8254831
"408 Hill St, Lebanon, Tennessee, USA",36.2121,-86.299276
"161 Rains Ave, Nashville, TN 37203, USA",36.1352845,-86.7657337
"4701 Trousdale Drive, Nashville, Tennessee, USA",36.080957,-86.758485
"305 Haywood Ln, Nashville, TN 37211, USA",36.068354,-86.70837
"405 42nd Ave N, Nashville, TN 37209, USA",36.1525132,-86.8371655
"820 Jones Blvd, Murfreesboro, TN 37129, USA",35.8547867,-86.3995696
"824 Fonnic Drive, Nashville, TN, USA",36.2785434,-86.743767
"2417 Deerbourne Drive, Brentwood, TN, USA",35.9780853,-86.7061349
"1102 Dow Street, Murfreesboro, Tennessee, USA",35.8571954,-86.3799841
"2227 Hillsboro Rd, Franklin, TN 37069, USA",35.9567738,-86.88386
"718 Holder Dr, Nashville, Tennessee, USA",36.0842229,-86.6131836
"1040 Secretariat Drive, Mt. Juliet, TN, USA",36.1790653,-86.5406841
"935 Edgehill Ave, Nashville, TN 37203, USA",36.1417924,-86.7819451
"425 south water ave, gallatin, Tennessee, USA",36.3825789,-86.4440983
"1833 Haynes Street, Nashville, TN, USA",36.2036905,-86.7863081
"1409 Buchanan St, Nashville, TN 37208, USA",36.1800118,-86.8080892
"3541 Wood Bridge Dr, Nashville, TN, USA",36.0926903,-86.6112224
"2802 Bransford Ave, Nashville, Tennessee, USA",36.1164813,-86.7662597
"1318 Fairview Blvd., Tennessee, USA",36.0017869,-87.0663311
"1020 3rd Ave, Nashville, Tennessee, USA",36.1479939,-86.7671561
"1906 Glen Echo Rd, Nashville, TN 37215, USA",36.1081196,-86.8096777
"1334 Hazelwood Drive, Smyrna, Tennessee, USA",35.9602073,-86.5204976
"904 Arbor Creek Way, Nashville, Tennessee, USA",36.1327595,-86.6980588
"340 21st Ave N, Nashville, TN 37203, USA",36.1556511,-86.8049685
"1815 Lascassas Pike, Murfreesboro, TN, USA",35.8659086,-86.361863
"620 Hamilton Ave, Nashville, TN 37203, USA",36.1389257,-86.7713311
"3201 Aspen Grove Dr., Franklin, Tennessee, USA",35.946976,-86.832547
"762 E Argyle Ave, Nashville, TN, USA",36.1366361,-86.7819662
"2806 McGavock Pk, Nashville, TN 37214, USA",36.211957,-86.687301
"6107 New York Ave, Nashville, TN 37209, USA",36.1666893,-86.8600715
"2800 McGavock Pk, Nashville, TN 37214, USA",36.2130468,-86.6902744
"101 Creekside Crossing, Brentwood, Tennessee, USA",36.037028,-86.7988446
"226 University Ave, Lebanon, Tennessee, USA",36.203601,-86.295762
"2565 Park Plaza, Nashville, TN 37203, USA",36.1536529,-86.8130135
"1610 54th Ave N, Nashville, TN 37209, USA",36.1651276,-86.8531164
"110 West College Street, Murfreesboro, TN, USA",35.8471015,-86.391507
"1921 Ransom Pl, Nashville, TN 37217, USA",36.0889312,-86.6506893
"701 E Main St, Murfreesboro, Tennessee, USA",35.8457603,-86.3789569
"1215 21st Ave S #9211, Nashville, Tennessee, USA",36.143794,-86.7997864
"1409 Winthorne Drive, Nashville, Tennessee, USA",36.1128765,-86.7032757
"Pegram, Cheatham County, Tennessee, USA",36.100615,-87.0511151
"835 S Main St, Ashland City, TN 37015, USA",36.2665406,-87.0587295
"124 N Main St, Ashland City, TN 37015, USA",36.275144,-87.0649391
"1200 Forrest Park Dr, Nashville, TN 37221, USA",36.085999,-86.871986
"805 Teal Drive, Gallatin, TN, USA",36.3854471,-86.4794966
"3841 Green Hills Village Dr, Nashville, TN 37215, USA",36.1091119,-86.8155074
"7020 Stone Run Dr, Nashville, TN 37211, USA",36.0098548,-86.7261474
"502 SE Broad St, Murfreesboro, TN 37130, USA",35.8387063,-86.3871485
"4183 Franklin Road, Murfreesboro, TN, USA",35.846572,-86.4107381
"1623 Haynes Meade Cir, Nashville, TN 37207, USA",36.202485,-86.788271
"4200 Kings Court, Nashville, Tennessee, USA",36.214354,-86.85029
"511b Hill Street, Springfield, TN, USA",36.5067409,-86.8830873
"601 Benton Avenue, Nashville, TN, USA",36.1318319,-86.7687182
"6980 Moores Lane, Brentwood, Tennessee, USA",35.9686199,-86.8192571
"115 Industrial Drive, Mt. Juliet, Tennessee, USA",36.2016441,-86.5168279
"138 2nd Avenue North #106, Nashville, TN, USA",36.165295,-86.7773262
"5016 Centennial Blvd., Nashville, Tennessee, USA",36.1622652,-86.8487729
"1900 Belmont Blvd, Nashville, TN 37212, USA",36.135233,-86.795485
"Antioch, Davidson County, Tennessee, USA",36.0600602,-86.6722192
"Springfield, Robertson County, Tennessee, USA",36.5092119,-86.8849984
"819 Newcomb Street, Franklin, TN, USA",35.8680042,-86.8072567
"402B Uptown Square, Murfreesboro, Tennessee, USA",35.8754336,-86.3828797
"500 Interstate Blvd S, Nashville, TN 37210, USA",36.133857,-86.755204
"106 Belle Glen Dr., Nashville, Tennessee, USA",36.0648045,-86.9279116
"511 South 8th Street, Nashville, Tennessee, USA",36.1692215,-86.7556838
"129 West Fowlkes Street #1270, Franklin, Tennessee, USA",35.9182878,-86.8757884
"182 Executive Park Drive, Hendersonville, TN, USA",36.2993025,-86.6276912
"3421 Belmont Boulevard, Nashville, TN, USA",36.1151738,-86.7993406
"1809 Memorial Blvd, Murfreesboro, Tennessee, USA",35.8676982,-86.3872553
"219 Virginia Avenue, Lebanon, TN, USA",36.2095895,-86.2834351
"129 W. Fowlkes Street, Franklin, Tennessee, USA",35.9182878,-86.8757884
"2815 Patriot Way, Nashville, Tennessee, USA",36.1500058,-86.6645122
"218 Omohundro Pl, Nashville, TN 37210, USA",36.1585964,-86.7401054
"113 Stonewall Drive, Smyrna, Tennessee, USA",36.0076917,-86.4927005
"Adams, Robertson County, Tennessee, USA",36.5823718,-87.0655751
"Gallatin, Sumner County, Tennessee, USA",36.3883031,-86.4475898
"214 N College St, Lebanon, TN, USA",36.2092717,-86.2896056
"2013 25th Ave N, Nashville, TN 37208, USA",36.1834556,-86.8175797
"Mt. Juliet, Wilson County, Tennessee, USA",36.200055,-86.5186054
"507 Hagan Street, Nashville, TN, USA",36.1414398,-86.7711991
"227 Chester Stevens Rd, Franklin, TN 37067, USA",35.909463,-86.795344
"2704 Torbett Street, Nashville, TN, USA",36.1574179,-86.8169151
"2621 Nolensville Rd, Nashville, TN 37211, USA",36.005565,-86.6999791
"4908 Aquatic Rd, Nashville, TN, USA",36.065403,-86.7193902
"3511 Belmont Boulevard, Nashville, TN, USA",36.1117565,-86.8002822
"3150 McGavock Pike, Nashville, TN, USA",36.1864928,-86.6782614
"569 Highcrest Dr, Nashville, Tennessee, USA",36.0644052,-86.7296158
"116 Rocky Road, Lebanon, Tennessee, USA",36.2120331,-86.3277269
"222 Rep. John Lewis Way South, Nashville, TN 37203, USA",36.1581728,-86.7760929
"3518 West Hamilton Avenue, Nashville, Tennessee, USA",36.2113486,-86.8294829
"3020 Charlotte Ave, Nashville, TN 37209, USA",36.1518993,-86.8505793
"1718 Church Street, Nashville, TN, USA",36.1557512,-86.7963628
"2500 Sunset Place, Nashville, TN, USA",36.129034,-86.807381
"1123 12th Ave S, Nashville, TN 37203, USA",36.1443905,-86.7866472
"Franklin, Williamson County, Tennessee, USA",35.925206,-86.8689419
"35 Lindsley Avenue, Nashville, Tennessee, USA",36.1541044,-86.7645777
"1757 16th Ave N, Nashville, TN, USA",36.1791228,-86.8089124
"440 Hogan Rd, Nashville, TN 37220, USA",36.064854,-86.75143
"322 Emery Drive, Nashville, Tennessee, USA",36.1524602,-86.6769224
"2229 Nashville Pike, Gallatin, TN 37066, USA",36.3511808,-86.5102129
"8283 River Rd Pike, Nashville, TN 37209, USA",36.195651,-86.966528
"1320 Adams Street #1040, Nashville, TN, USA",36.1803432,-86.7840536
"1 Cumberland Dr, Lebanon, TN 37087, USA",36.201842,-86.294267
"6544 Murray Ln, Brentwood, TN, USA",36.030846,-86.8582725
"208 Trailway Cir, Nashville, TN 37207, USA",36.2441045,-86.7674746
"2223 NW Broad St, Murfreesboro, TN 37129, USA",35.8627828,-86.4082477
"647 Crutcher Street, Nashville, Tennessee, USA",36.1633292,-86.7559875
"1204 Schrader Acres Drive, Nashville, Tennessee, USA",36.1691298,-86.8248674
"1414 Old Hickory Boulevard, Nashville, TN, USA",36.0428115,-86.8281811
"2315 Abbott Martin Rd, Nashville, TN 37215, USA",36.1066686,-86.8231797
"1207 Dickerson Pike, Nashville, TN 37207, USA",36.1921071,-86.7726109
"2801 Azalea Pl, Berry Hill, TN, USA",36.11663,-86.768035
"2110 Blair Blvd, Nashville, Tennessee, USA",36.1304448,-86.8023495
"110 Jo Johnston Ave, Nashville, Tennessee, USA",36.1706468,-86.7793807
"5424 Bell Forge Lane East, Antioch, TN, USA",36.0484489,-86.6451283
"5987 Lebanon Road, Murfreesboro, TN, USA",35.9022331,-86.3836293
"1917 Adelicia Street, Nashville, Tennessee, USA",36.1480071,-86.7977703
"303 Madison Street, Tennessee, USA",36.2584699,-86.7143892
"2424 Charlotte Avenue, Nashville, TN, USA",36.1556307,-86.8107872
"407 River Downs Blvd, Murfreesboro, Tennessee, USA",35.7965788,-86.4353824
"2324 Alteras Drive, Nashville, Tennessee, USA",36.0229236,-86.7024369
"1423 Kensington Square Ct, Murfreesboro, TN 37130, USA",35.8141039,-86.370239
"278 Doug Warpoole Road, Smyrna, Tennessee, USA",36.0096195,-86.5166523
"300 Danyacrest Drive, Nashville, Tennessee, USA",36.1813111,-86.6470467
"428 East Bell Street, Murfreesboro, TN, USA",35.8493575,-86.385643
"805 West End Circle, Franklin, TN, USA",35.9179383,-86.8859149
"522 Castle Heights Ave, Lebanon, TN 37087, USA",36.1999062,-86.309064
"2500 Fairfax Avenue, Nashville, Tennessee, USA",36.135122,-86.810526
"121 Holly Forest, Nashville, TN, USA",36.0741277,-86.9149696
"4416 Saunders Ave, Nashville, Tennessee, USA",36.2337767,-86.7319598
"3115 Gallatin Pike, Nashville, Tennessee, USA",36.2052968,-86.7375281
"419 Woodland Street, Nashville, TN, USA",36.1714151,-86.7660839
"3926 Gallatin Pike, Nashville, TN 37216, USA",36.217445,-86.7284998
"1601 Eastland Avenue, Nashville, TN, USA",36.1836671,-86.7405536
"2910 Poston Avenue, Nashville, TN, USA",36.1458058,-86.8143388
"4636 Lebanon Pike #374, Hermitage, Tennessee, USA",36.2014748,-86.6175364
"1360 Murfreesboro Pike, Nashville, TN 37217, USA",36.1161345,-86.6965272
"377 Riverside Drive, Franklin, TN, USA",35.9116846,-86.8262213
"4120 Buenaview Boulevard, Nashville, TN, USA",36.227564,-86.829704
"7090 Nolen Park Circle, Nolensville, Tennessee, USA",35.9692873,-86.6714326
"1811 Osage Street, Nashville, TN, USA",36.177028,-86.810004
"265 West Thompson Lane, Murfreesboro, TN, USA",35.9110992,-86.3909951
"197 Imperial Blvd, Hendersonville, TN, USA",36.3017609,-86.6317973
"2817 West End Avenue, Nashville, Tennessee, USA",36.144374,-86.812215
"4102 Granny White Pike, Nashville, TN, USA",36.1040601,-86.7966077
"606 Millwood Drive, Nashville, Tennessee, USA",36.1310694,-86.7140444
"1030 16th Ave South, Nashville, Tennessee, USA",36.1449266,-86.7926189
"4300 Park Avenue, Nashville, TN, USA",36.151285,-86.838483
"1809 Memorial Blvd, Murfreesboro, TN 37129, USA",35.8917688,-86.3824544
"104 Grandview Ave, Nashville, TN, USA",36.1240247,-86.7529011
"1704 Charlotte Avenue, Nashville, TN, USA",36.1590347,-86.7992379
"1310 Ordway Pl, Nashville, TN 37206, USA",36.1802254,-86.7465633
"2123 8th Avenue South, Nashville, TN, USA",36.1280125,-86.77769
"283 Plus Park Blvd, Nashville, TN 37217, USA",36.1294724,-86.7255994
"402 Lorna Drive, Nashville, TN, USA",36.1582802,-86.6679475
"1316 Stewart Creek Rd, Murfreesboro, TN 37129, USA",35.8774037,-86.5556018
"2245 Rosa L Parks Blvd, Nashville, Tennessee, USA",36.1931384,-86.8035352
"1723B 23rd Ave N, Nashville, TN 37208, USA",36.1820712,-86.8144325
"3534 West End Ave, Nashville, TN 37205, USA",36.1333498,-86.8287199
"981 Old Lebanon Dirt Rd, Hermitage, TN 37076, USA",36.1882621,-86.6109375
"2787 Smith Springs Rd, Nashville, TN 37217, USA",36.0890059,-86.6133959
"7117 Cooper Ln, Fairview, Tennessee, USA",35.9875891,-87.0883654
"901 Mountain Valley Drive, Nashville, TN, USA",36.0936658,-86.9265059
"326 21st Ave N, Nashville, TN 37203, USA",36.1555542,-86.8048976
"124 1st Ave S, Franklin, TN 37064, USA",35.925574,-86.865767
"824 Patricia Dr, Nashville, TN 37217, USA",36.1371708,-86.7048361
"3201 Dickerson Pike, Nashville, Tennessee, USA",36.233254,-86.758536
"2400 Clifton Ave, Nashville, TN, USA",36.158256,-86.81275
"6483 Clarksville Pike, Joelton, TN 37080, USA",36.3168682,-86.8787248
"4908 Kentucky Ave, Nashville, TN, USA",36.1600147,-86.846639
"108 Chapel Ave, Nashville, TN 37206, USA",36.1833893,-86.7355535
"858 West Trinity Lane, Nashville, Tennessee, USA",36.2070301,-86.8021199
"700 Norwood Dr, Nashville, Tennessee, USA",36.0978663,-86.7660999
"7721 Whites Creek Pike, Joelton, TN 37080, USA",36.2926219,-86.8517216
"319 Murfreesboro St, Murfreesboro, TN 37127, USA",35.8485688,-86.3926814
"310 Tech Park Drive, La Vergne, TN, USA",35.9908307,-86.5863799
"449 Metroplex Drive, Nashville, Tennessee, USA",36.0893363,-86.6963898
"1005 Flagpole Ct., Brentwood, Tennessee, USA",35.9746165,-86.8067506
"945 E. Baddour Parkway, Lebanon, Tennessee, USA",36.1961436,-86.2754317
"107 N Greenwood Street, Lebanon, Tennessee, USA",36.2087219,-86.2959174
"516 Twyla Drive, Lebanon, TN, USA",36.2120251,-86.2760449
"2255 Memorial Blvd, Murfreesboro, TN 37129, USA",35.9120633,-86.3838117
"1784 W. Northfield Blvd, Murfreesboro, Tennessee, USA",35.8709467,-86.4158229
"1161 Murfreesboro Pike, Nashville, TN 37217, USA",36.1241195,-86.7079165
"1900 Graybar Ln, Nashville, TN 37215, USA",36.111014,-86.808188
"1000 17th Avenue North, Nashville, Tennessee, USA",36.1670713,-86.8039065
"2052 Graybar Ln, Nashville, TN 37215, USA",36.1104495,-86.8021304
"6103 Mt Pisgah Rd, Nashville, TN, USA",36.0228881,-86.7301772
"Pleasant View, Cheatham County, Tennessee, USA",36.3942164,-87.0366685
"313 West Main Street, Hendersonville, TN, USA",36.3047505,-86.6202217
"1510 Demonbreun St, Nashville, TN 37203, USA",36.1534584,-86.7888714
"2911 Belmont Blvd, Nashville, TN 37212, USA",36.1195518,-86.7961254
"960 Ryecroft Ln, Franklin, TN, USA",35.8706195,-86.8090125
"2020 Fieldstone Pkwy, Franklin, TN 37069, USA",35.9648274,-86.883548
"1220 Marathon Dr, Murfreesboro, TN 37129, USA",35.8834575,-86.5596499
"927 Wolves Den Place, Murfreesboro, TN, USA",35.8613834,-86.4636842
"4004 Hillsboro Pike, Nashville, TN, USA",36.0953719,-86.8255545
"4414 Granny White Pike, Nashville, TN 37204, USA",36.0980756,-86.8009138
"328 Cedar Forest Road, Lebanon, Tennessee, USA",36.0925032,-86.336725
"112 Canterbury Close, Gallatin, Tennessee, USA",36.4041516,-86.4246633
"4272 Jamesborough Pl, Nashville, TN 37215, USA",36.0925491,-86.804932
"555 Hartsville Pike, Gallatin, TN 37066, USA",36.3897223,-86.4336503
"110 W College St, Murfreesboro, TN 37130, USA",35.8471015,-86.391507
"5125 Harding Place, Nashville, TN, USA",36.0899142,-86.6878866
"211 27th Ave N, Nashville, TN 37203, USA",36.147346,-86.8125971
"1204 Countryside Drive, Nolensville, TN, USA",35.959721,-86.664184
"1160 Otter Creek Rd, Nashville, TN 37220, USA",36.0633366,-86.810604
"401 South 20th Street, Nashville, TN, USA",36.170761,-86.735919
"400 Enon Springs Rd W, Smyrna, TN 37167, USA",35.9771495,-86.5214956
"Bowie Nature Park, Bowie Lake Road, Fairview, TN, USA",35.9693804,-87.1361212
"1702 Villa Pl, Nashville, TN 37212, USA",36.137266,-86.7929476
"123 E Main Street, Gallatin, Tennessee, USA",36.3884289,-86.4455193
"50 Vaughn Rd, Nashville, TN, USA",36.0518568,-86.9009324
"702B Clearview Dr, Nashville, TN 37205, USA",36.1229626,-86.8377434
"30 Burton Hills Blvd., Nashville, Tennessee, USA",36.0941755,-86.8225169
"202 23rd Ave N, Nashville, TN 37203, USA",36.1510074,-86.8060611
"919 Broadway, Nashville, TN, USA",36.1575982,-86.7836099
"810 Dominican Drive, Nashville, Tennessee, USA",36.1870132,-86.8027267
"842 Tyne Blvd, Oak Hill, TN 37220, USA",36.0777658,-86.777327
"1410 Jefferson St, Nashville, TN 37208, USA",36.170824,-86.801566
"4001 Anderson Rd, Nashville, Tennessee, USA",36.106555,-86.602082
"6021 Opus Street, Nashville, TN, USA",36.0340027,-86.7716367
"330 Durham Ave N, Gallatin, TN 37066, USA",36.3925475,-86.450559
"445 Hull Cir, Gallatin, TN 37066, USA",36.3954503,-86.4435547
"200 East Franklin Street, Gallatin, TN, USA",36.389935,-86.444589
"600 Small St, Gallatin, TN 37066, USA",36.396609,-86.457686
"430 Allied Drive, Nashville, Tennessee, USA",36.0957526,-86.7391993
"9295 Christiana Fosterville Rd, Christiana, TN 37037, USA",35.7078914,-86.4001763
"4221 Warren Rd, Franklin, TN 37067, USA",35.9007716,-86.805195
"600 28th Ave N, Nashville, TN, USA",36.15808,-86.818497
"1707 Division St, Nashville, TN 37203, USA",36.1520408,-86.7933646
"4522 Granny White Pike, Nashville, TN 37204, USA",36.090697,-86.802346
"1814 Beech Ave, Nashville, Tennessee, USA",36.135166,-86.780417
"4112 Nolensville Pike, Nashville, TN, USA",36.0664773,-86.7178437
"100 Taylor St, Nashville, TN 37208, USA",36.18051,-86.78476
"3833 Cleghorn Avenue, Nashville, Tennessee, USA",36.108794,-86.8186033
"3421 Belmont Blvd, Nashville, TN 37215, USA",36.1151738,-86.7993406
"3906 Franklin Pk, Nashville, Tennessee, USA",36.0442722,-86.78159
"4822 Charlotte Ave, Nashville, TN 37209, USA",36.1521746,-86.845101
"4029 Wisdom Way, Smyrna, Tennessee, USA",35.9629905,-86.5656337
"7115 Southpoint Parkway, Brentwood, TN, USA",35.995942,-86.6861442
"304 S. Perimeter Park Drive, Nashville, Tennessee, USA",36.0845106,-86.6971434
"129 West Fowlkes St, S129, Franklin, Tennessee, USA",35.9182878,-86.8757884
"3233 Robinwood Dr, Murfreesboro, Tennessee, USA",35.804135,-86.4523533
"801 Percy Warner Blvd, Nashville, TN 37205, USA",36.084388,-86.893434
"710 James Robertson Parkway, Nashville, Tennessee, USA",36.1678382,-86.7872026
"Hendersonville, TN, USA",36.3049177,-86.621443
"104 Southeast Pkwy, Franklin, TN 37064, USA",35.8927205,-86.8735657
"10434 Old Nashville Highway, Smyrna, TN, USA",35.9482708,-86.5081442
"307 South Academy Street, Murfreesboro, Tennessee, USA",35.8435038,-86.389204
"2565 Park Plaza, Nashville, TN, USA",36.1536529,-86.8130135
"24 Asbury Ln, Hermitage, Tennessee, USA",36.2049993,-86.6067173
"209 Lone Oak Village Way, Nashville, Tennessee, USA",36.0999775,-86.8095939
"545 Airport Road, Gallatin, Tennessee, USA",36.3941741,-86.4046069
"414 Harding Pl, Nashville, TN 37211, USA",36.0803486,-86.7290137
"850 Dr. Martin Luther King Jr. Blvd, Murfreesboro, TN, USA",35.8370563,-86.3553989
"327 Sumner Hall Dr, Gallatin, TN 37066, USA",36.3832877,-86.465547
"109 Noah Dr, Franklin, TN 37064, USA",35.8987123,-86.8655838
"651 S. Mount Juliet Rd, Tennessee, USA",36.1015815,-86.5290457
"101-C S Russell St, Portland, TN, USA",36.5722125,-86.5069641
"2525 Perimeter Place Drive, Nashville, Tennessee, USA",36.1472038,-86.6815907
"608 Mt. Hope St., Franklin, Tennessee, USA",35.9274039,-86.8762545
"488 Lemont Dr, Nashville, Tennessee, USA",36.2280676,-86.7440931
"901 Broadway #24030, Nashville, Tennessee, USA",36.1583407,-86.7835945
"5421 TN-100, Nashville, TN, USA",36.048979,-86.9391393
"215 Jamestown Park Rd, Brentwood, TN 37027, USA",36.0341147,-86.8118293
"155b Old Hermitage Ave, Nashville, TN 37210, USA",36.1541236,-86.760373
"1900 Richard Jones Road, Nashville, Tennessee, USA",36.1043343,-86.8078739
"107 A Donelson Pike, Nashville, TN 37214, USA",36.1369369,-86.6640024
"206 West High Street, Lebanon, Tennessee, USA",36.2125177,-86.2920128
"1813 Knowles St, Nashville, TN 37208, USA",36.1722351,-86.8081922
"51 Century Boulevard, Nashville, TN, USA",36.1485722,-86.6836255
"119 Bowling Ave, Nashville, TN 37205, USA",36.138248,-86.826725
"2009 12th Ave S, Nashville, TN 37204, USA",36.1334474,-86.7887109
"260 West Main Street, Hendersonville, TN, USA",36.3033248,-86.6320587
"1050 Glenbrook Way, Hendersonville, Tennessee, USA",36.3320517,-86.622169
"116 Dunn Street, Hendersonville, Tennessee, USA",36.3040456,-86.6222004
"112 Bridge Street, Franklin, TN, USA",35.9279476,-86.8677076
"Mount Juliet, Wilson County, Tennessee, USA",36.200055,-86.5186054
"324 B West Main Street, Lebanon, Tennessee, USA",36.2231329,-86.3493393
"139 Rockcastle Lane, Hendersonville, TN, USA",36.2801475,-86.5960177
"Watertown, Wilson County, Tennessee, USA",36.1003358,-86.1319341
"236 West Main Street, Lebanon, Tennessee, USA",36.2082804,-86.2948675
"1401 Holly Street, Nashville, Tennessee, USA",36.175905,-86.745864
"190 Graylynn Drive, Nashville, Tennessee, USA",36.1677654,-86.6751861
"381 West Main Street, Hendersonville, TN, USA",36.303405,-86.6270255
"309 Plus Park Blvd, Nashville, TN 37217, USA",36.1302905,-86.7254672
"413 Rockwood Dr, HERMITAGE, Tennessee, USA",36.1759297,-86.5953363
"612 Post Oak Circle, Brentwood, TN, USA",36.0203284,-86.8155712
"331 S Water Ave, Gallatin, TN 37066, USA",36.385158,-86.445098
"4805 Park Avenue, Nashville, TN, USA",36.1509074,-86.8448647
"701 Shelby Avenue, Nashville, Tennessee, USA",36.169384,-86.757782
"1810 Hayes St, Nashville, TN 37203, USA",36.1539576,-86.7970429
"1124 Highway 52, Westmoreland, TN, USA",36.5684238,-86.3535221
"144 Ridgemont Pl, Franklin, Tennessee, USA",35.9240679,-86.8523611
"351 Quecreek Cir, Smyrna, Tennessee, USA",35.9952226,-86.4999508
"7619 Hwy 70 S, Nashville, TN 37221, USA",36.0792158,-86.9530243
"2000 Edgehill Ave, Nashville, TN 37212, USA",36.1445083,-86.7990002
"214 Reidhurst Ave, Nashville, TN 37203, USA",36.1486501,-86.8080266
"3926 Dickerson Pike, Nashville, TN 37207, USA",36.2716076,-86.7554239
"1423 Kensington Square Ct, Murfreesboro, Tennessee, USA",35.8141039,-86.370239
"446 Belle Valley Drive, Nashville, TN, USA",36.1062539,-86.9238129
"Blueberry Ln, Franklin, TN 37067, USA",35.8866667,-86.8140908
"507 Jim Draper Boulevard, Lebanon, TN, USA",36.2150977,-86.3000342
"16 Volunteer Dr, Hendersonville, Tennessee, USA",36.3096393,-86.6190926
"615 Main Street, Nashville, TN, USA",36.1745128,-86.7617189
"2907 Henderson Ln, Murfreesboro, TN 37130, USA",35.8996872,-86.3532867
"515 Vanderhorst Drive, Nashville, Tennessee, USA",36.2186531,-86.8074233
"968 Madison Square, Tennessee, USA",36.2555883,-86.7159029
"117 Stonewall Dr, Hendersonville, TN, USA",36.313273,-86.568138
"2159 North Thompson Lane, Murfreesboro, TN, USA",35.8985328,-86.4217982
"3934 Brick Church Pike, Nashville, TN, USA",36.2650169,-86.7756678
"1628 Rosa L Parks Blvd, Nashville, TN 37208, USA",36.17944,-86.7954504
"4206 Gallatin Pike, Nashville, TN, USA",36.2238996,-86.7255768
"1216 East Main Street, Murfreesboro, Tennessee, USA",35.8435578,-86.3718534
"5100 Wyoming Ave, Nashville, TN 37209, USA",36.1453944,-86.8475432
"2708 Mashburn Rd, Nashville, TN 37210, USA",36.1119014,-86.7305311
"2729 Smith Springs Rd, Nashville, Tennessee, USA",36.0896606,-86.6238446
"1302 Batts Blvd, Springfield, Tennessee, USA",36.5007553,-86.8853371
"921 Cherokee Avenue, Nashville, Tennessee, USA",36.2006365,-86.7508906
"725 Cool Springs Blvd, Franklin, Tennessee, USA",35.9440011,-86.8062551
"4323 Lealand Lane, Nashville, TN, USA",36.093571,-86.7904381
"4739 Clarksville Pike, Nashville, TN 37218, USA",36.1973895,-86.8370583
"2215 Keeneland Commercial Blvd, Murfreesboro, TN 37127, USA",35.8116696,-86.3675068
"4463 Cato Road, Nashville, Tennessee, USA",36.2191988,-86.8736409
"801 Percy Warner Boulevard, Nashville, Tennessee, USA",36.084388,-86.893434
"3600 West End Ave, Nashville, TN 37205, USA",36.1373474,-86.8212655
"6 South 14th Street, Nashville, TN, USA",36.1767205,-86.7459897
"855 Pleasant Grove Road, Mt. Juliet, TN, USA",36.1769922,-86.5181873
"7104 Peach Court, Brentwood, TN, USA",36.027261,-86.7860332
"4425 Granny White Pike, Nashville, TN, USA",36.0952537,-86.8025204
"3524 W Hamilton Ave, Nashville, TN, USA",36.2113486,-86.8294829
"1130 Haley Rd, Murfreesboro, TN 37129, USA",35.833436,-86.4010561
"155 Lafayette St, Nashville, TN 37210, USA",36.147394,-86.758453
"3500 Hobbs Rd, Nashville, TN 37215, USA",36.102463,-86.834016
"120 Powell Pl, Nashville, TN 37204, USA",36.1060034,-86.7647403
"Murfreesboro, TN 37129, USA",35.8460396,-86.3921096
"2202 Crestmoor Road, Nashville, Tennessee, USA",36.1092531,-86.8136494
"304 44th Ave N, Nashville, TN 37209, USA",36.1512944,-86.8396391
"219 Lafayette Street, Nashville, TN, USA",36.1468009,-86.7566728
"4122 Moss Rose Dr, Nashville, TN 37216, USA",36.2157688,-86.7074877
"212 Heady Drive, Nashville, TN, USA",36.0937991,-86.8692923
"394 Strasser Drive, Nashville, TN, USA",36.0604188,-86.7138252
"308 North Spring Street, Murfreesboro, TN, USA",35.8481348,-86.3897288
"2216 State Street, Nashville, Tennessee, USA",36.1526078,-86.8053073
"1827 12th Ave S, Nashville, TN 37203, USA",36.13499,-86.789075
"4000 Franklin Pike, Nashville, TN, USA",36.0442722,-86.78159
"306 42nd Avenue North, Nashville, TN, USA",36.1484332,-86.8367021
"4734 Debra Dr, Antioch, Tennessee, USA",36.0665245,-86.6655478
"4015 Travis Dr, Nashville, TN 37211, USA",36.0844255,-86.7266869
"4014 Brick Church Pike, Nashville, Tennessee, USA",36.2687985,-86.7762016
"7101 Executive Center Dr, Brentwood, TN, USA",36.029374,-86.788785
"100 Bluegrass Commons Blvd, Hendersonville, Tennessee, USA",36.321434,-86.568941
"110 31st Ave N, Nashville, TN 37203, USA",36.1434041,-86.8159984
"670 Coles Ferry Pike, Lebanon, Tennessee, USA",36.2188438,-86.2980445
"504 Garden Dr, Mt. Juliet, TN, USA",36.1643765,-86.4923232
"5211 Linbar Dr, Nashville, TN 37211, USA",36.081166,-86.698503
"936 Archer St, Nashville, TN 37203, USA",36.1453455,-86.7815136
"5100 Blue Hole Rd, Antioch, Tennessee, USA",36.0516505,-86.6740639
"One University Park Drive, Nashville, Tennessee, USA",36.1053513,-86.800408
"1284 Buckingham Circle, Franklin, TN, USA",35.9270811,-86.8444543
"1111 Columbia Avenue, Franklin, Tennessee, USA",35.917822,-86.8729463
"403 Walton Ferry Rd, Hendersonville, Tennessee, USA",36.294073,-86.621343
"2836 Logan Street, Nashville, TN, USA",36.1124139,-86.741571
"3042 Hummingbird Drive, Nashville, TN, USA",36.2185873,-86.8245841
"3721 Valley Ridge Dr, Nashville, TN 37211, USA",36.0929905,-86.7235022
"Lebanon, Wilson County, Tennessee, USA",36.2079779,-86.2910945
"523 Church St, Nashville, TN 37219, USA",36.1629769,-86.7804288
"Madison, Davidson County, Tennessee, USA",36.2561646,-86.7138861
"102 Harris Street, Madison, Tennessee, USA",36.2582206,-86.71241
"225 W College St, Murfreesboro, TN 37130, USA",35.8470899,-86.3928689
"600 Hill Ave, Nashville, TN 37210, USA",36.1374845,-86.7328488
"620B Davidson St, Nashville, Tennessee, USA",36.1633438,-86.743865
"4636 Lebanon Pike, Hermitage, TN 37076, USA",36.1954147,-86.6218074
"711 S 7th St, Nashville, TN 37206, USA",36.1673834,-86.7567143
"625 Benton Avenue, Nashville, TN, USA",36.1318031,-86.7702532
"1035 14th Avenue North, Nashville, Tennessee, USA",36.1700911,-86.8007272
"100 Meridian Street, Nashville, TN, USA",36.178495,-86.772095
"701 S 6th St, Nashville, TN 37206, USA",36.1661732,-86.7589665
"1002 44th Avenue North, Nashville, TN, USA",36.1613633,-86.8401874
"762 E Argyle Ave., Nashville, Tennessee, USA",36.1376396,-86.7862082
"1321 Murfreesboro Pike, Nashville, TN, USA",36.1170266,-86.6985645
"275 Cumberland Bend, Nashville, TN, USA",36.1868606,-86.8781526
"2008 Ed Temple Blvd, Nashville, TN 37208, USA",36.1815259,-86.824289
"15354 Old Hickory Blvd, Nashville, TN, USA",36.2639166,-86.6747653
"15328 Old Hickory Blvd, Nashville, TN 37211, USA",36.0444911,-86.7017637
"511 Oman St, Nashville, TN 37203, USA",36.1471054,-86.8206514
"657 S. Water Avenue, Gallatin, Tennessee, USA",36.3787749,-86.4426236
"3414 Hillsboro Pike, Nashville, TN, USA",36.1093197,-86.8117717
"887 Rodney Dr, Nashville, TN 37205, USA",36.1170743,-86.9064334
"213 Maple Hill Rd, Lebanon, TN 37087, USA",36.2231392,-86.3464952
"1301 E Main St, Murfreesboro, TN 37130, USA",35.8486009,-86.3609036
"431 Ocala Dr, Nashville, TN 37211, USA",36.0507454,-86.7176902
"1101 Kermit Drive, Nashville, TN, USA",36.121849,-86.704655
"125 3rd Avenue North, Franklin, TN, USA",35.9259082,-86.8695645
"309 Franklin Rd, Brentwood, TN 37027, USA",36.0353291,-86.7875755
"3701 Hillsboro Pike, Nashville, Tennessee, USA",36.1035018,-86.8159475
"1509 Hunt Club Blvd, Gallatin, TN 37066, USA",36.3380914,-86.5374596
"3322 West End Ave, Nashville, Tennessee, USA",36.1406486,-86.8178074
"1 Vantage Way, Nashville, TN 37228, USA",36.192797,-86.790981
"2491 N Mt Juliet Rd, Mt. Juliet, TN 37122, USA",36.1873083,-86.511102
"2013 25th Ave N, Nashville, Tennessee, USA",36.1834556,-86.8175797
"6339 Charlotte Pike, Nashville, Tennessee, USA",36.144449,-86.8719907
"2448 Herman Street, NASHVILLE, Tennessee, USA",36.1623043,-86.8131886
"3812 Elkins Ave, Nashville, TN 37209, USA",36.1506285,-86.832081
"301 S Perimeter Park Dr #100, Nashville, TN 37211, USA",36.083626,-86.6974464
"1927 Riverwood Drive, Nashville, TN, USA",36.2106553,-86.7116303
"3425 B North Mt. Juliet Road, Tennessee, USA",36.2169847,-86.5149574
"2034 N Mt Juliet Rd, Mt. Juliet, TN 37122, USA",36.1723792,-86.5129853
"1301 East Main Street, Murfreesboro, Tennessee, USA",35.8486009,-86.3609036
"800 Park Avenue, Murfreesboro, Tennessee, USA",35.838598,-86.397993
"1480 South Church Street, Murfreesboro, TN, USA",35.8252939,-86.3946889
"2017 Benjamin St, Nashville, TN 37206, USA",36.18609,-86.732336
"1901 Lindell Ave, Nashville, TN 37203, USA",36.134099,-86.774195
"336 54th Avenue North, Nashville, Tennessee, USA",36.1504738,-86.8533122
"501 28th Avenue N, Nashville, Tennessee, USA",36.155476,-86.818828
"117 Holly Forest, Nashville, TN 37221, USA",36.0742555,-86.9150928
"29 Music Square E, Nashville, TN 37203, USA",36.1491464,-86.792092
"433 West Bend Drive, Nashville, TN, USA",36.1481526,-86.8709402
"5120 Virginia Way, Brentwood, TN 37027, USA",36.0322955,-86.8037149
"1904 Wedgewood Avenue, Nashville, TN, USA",36.1374082,-86.7982931
"618 Grassmere Park, Nashville, TN 37211, USA",36.0864599,-86.7517988
"1704 Pinetree Lane, Brentwood, TN, USA",36.040536,-86.8418027
"3017 Sunnyview Dr, Nashville, TN, USA",36.2289049,-86.8297914
"5109 Georgia Avenue, Nashville, TN, USA",36.1552485,-86.8489822
"150 4th Avenue North, Nashville, Tennessee, USA",36.1621868,-86.7778534
"2909 Elizabeth Street, Nashville, TN, USA",36.1107824,-86.7460296
"223 4th Avenue North, Nashville, TN, USA",36.1631434,-86.7787251
"700 Church Street, Nashville, Tennessee, USA",36.162131,-86.782835
"3630 Redmon St, Nashville, TN 37209, USA",36.1448854,-86.8270904
"405 Hyde Park, Nashville, TN, USA",36.1059001,-86.8287826
"633 Thompson Ln, Nashville, TN 37204, USA",36.1113413,-86.7706802
"241 Bermuda Dr, Nashville, TN, USA",36.1727536,-86.6952889
"500 11th Ave N, Nashville, Tennessee, USA",36.16462,-86.79108
"608 Clematis Drive, Nashville, Tennessee, USA",36.1177794,-86.8954886
"610 Murfreesboro Pike, Nashville, TN 37210, USA",36.1410451,-86.7387166
"25 Middleton Street, Nashville, TN 37210, USA",36.1543152,-86.7681604
"7555 Sawyer Brown Rd, Nashville, TN 37221, USA",36.1065153,-86.9321709
"2000 Greenwood Avenue, Nashville, TN, USA",36.18807,-86.7326502
"2416 21st Avenue South, Nashville, Tennessee, USA",36.1264929,-86.8038887
"1623 Haynes Meade Cir, Nashville, Tennessee, USA",36.202485,-86.788271
"332 54th Ave N, Nashville, Tennessee, USA",36.1504349,-86.8533016
"6100 Centennial Blvd, Nashville, TN 37209, USA",36.168539,-86.860632
"1300 Division Street, Nashville, Tennessee, USA",36.1496043,-86.7972661
"161 Rains Avenue, Nashville, Tennessee, USA",36.135409,-86.7658341
"827 Atkinson Road, Lebanon, TN, USA",36.1215655,-86.3312392
"1818 Albion St, Nashville, TN 37208, USA",36.166079,-86.806394
"1115 Kirkwood Ave, Nashville, TN 37204, USA",36.1204717,-86.7891321
"213 Oceola Ave, Nashville, TN 37209, USA",36.147581,-86.859776
"1808 Woodmont Boulevard, Nashville, TN, USA",36.1141627,-86.8056691
"1000 Apex St, Nashville, Tennessee, USA",36.189161,-86.756212
"417 Welshwood Dr, Nashville, TN 37211, USA",36.082422,-86.7288091
"1012 Buchanan St, Nashville, TN 37208, USA",36.1805517,-86.8042069
"1510 Grandview Dr, Nashville, TN, USA",36.1088541,-86.7988391
"41 Peabody St, Nashville, TN 37210, USA",36.1576761,-86.7697963
"4501 Charlotte Ave, Nashville, Tennessee, USA",36.152153,-86.841058
"238 54th Ave N, Nashville, TN 37209, USA",36.1464608,-86.8519965
"3622 Redmon St, Nashville, TN 37209, USA",36.1450069,-86.8259682
"531 Fairground Ct, Nashville, TN 37211, USA",36.1258917,-86.7642158
"530 26th Ave. N, Nashville, Tennessee, USA",36.1570847,-86.8157184
"701 Murfreesboro Pike, Nashville, TN, USA",36.139925,-86.735858
"615 Church St, Nashville, TN 37219, USA",36.1619138,-86.7820904
"630 Mainstream Dr, Nashville, TN 37228, USA",36.1938034,-86.8169398
"639 Lafayette St, Nashville, TN, USA",36.1537178,-86.7770208
"3401 West End Avenue, West End Avenue, Nashville, TN, USA",36.1390468,-86.8188085
"533 Ardmore Place, Franklin, TN, USA",35.9287888,-86.9326974
"844 Hillwood Blvd, Nashville, TN 37209, USA",36.1368245,-86.8776215
"120 White Bridge Pike, Nashville, TN, USA",36.1370057,-86.8578579
"220 Willow St, Nashville, TN, USA",36.1549256,-86.7542765
"Symphony Place, Nashville, TN, USA",36.1602291,-86.7758709
"4905 Danby Dr, Nashville, TN 37211, USA",36.0741421,-86.746089
"95 White Bridge Pike, Nashville, TN, USA",36.1317922,-86.8576348
"922 Main Street, Nashville, TN, USA",36.1764942,-86.7551452
"2409 Carter Avenue, Nashville, Tennessee, USA",36.1884338,-86.717485
"880 Norwalk Dr, Nashville, Tennessee, USA",36.1461941,-86.6313742
"2459 Cabin Hill Rd, Nashville, TN 37214, USA",36.1962952,-86.6747163
"9129 Concord Hunt Cir, Brentwood, TN 37027, USA",35.9926536,-86.7719065
"3777 Nolensville Pk, Nashville, TN 37211, USA",36.0664773,-86.7178437
"803 Main St, Nashville, TN 37206, USA",36.1755358,-86.7585837
"451 Hogan Rd, Nashville, TN 37220, USA",36.0640319,-86.7496753
"510 Broadway, Nashville, TN, USA",36.1608246,-86.7792151
"406 Welshwood Dr, Nashville, TN 37211, USA",36.0825614,-86.7279133
"230 Spence Ln, Nashville, TN 37210, USA",36.150455,-86.7218153
"3900 West End Avenue, Nashville, TN, USA",36.1367222,-86.8218772
"1601 Electric Avenue, Nashville, TN, USA",36.167236,-86.742987
"522 Rosedale Avenue, Nashville, TN, USA",36.1242187,-86.7591775
"1820 Downs Blvd, Franklin, TN 37064, USA",35.9177765,-86.8991363
"5221 Harding Place, Nashville, Tennessee, USA",36.0848553,-86.7035211
"1112 Jefferson Street, Nashville, Tennessee, USA",36.171746,-86.797888
"4033 Dickerson Pk, Nashville, Tennessee, USA",36.2793941,-86.750054
"2003 Keaton Dr, La Vergne, Tennessee, USA",36.0273141,-86.5631454
"5260 Hickory Hollow Pkwy, Antioch, Tennessee, USA",36.0520017,-86.6671039
"137 Lucinda Ct, Franklin, Tennessee, USA",35.9216657,-86.8564881
"4922 Roselawn Cir, Nashville, Tennessee, USA",36.0802125,-86.807817
"1606 Porter Road #100, Nashville, TN, USA",36.1953646,-86.7245896
"813 Charming Ct, Franklin, TN 37064, USA",35.915468,-86.899325
"4721 Trousdale Dr, Nashville, TN 37220, USA",36.0792785,-86.7587043
"1314 Douglas Bend Road, Gallatin, TN, USA",36.3151562,-86.5136403
"217 Donelson Hills Dr, Nashville, TN 37214, USA",36.1698501,-86.7009154
"600 Hill Avenue, Nashville, Tennessee, USA",36.1374845,-86.7328488
"901 North Maney Avenue, Murfreesboro, Tennessee, USA",35.85421,-86.385458
"1704 Charlotte Avenue, Nashville, Tennessee, USA",36.1590347,-86.7992379
"101 Creekside Crossing, Brentwood, TN 37027, USA",36.037028,-86.7988446
"765 Nonaville Road, Mount Juliet, Tennessee, USA",36.2378875,-86.5313716
"5022 Old Hydes Ferry Pike, Nashville, TN 37218, USA",36.209622,-86.9243688
"213 Rep. John Lewis Way N, Nashville, TN 37219, USA",36.1634479,-86.780712
"651 S Mt Juliet Rd, Mt. Juliet, TN 37122, USA",36.1712403,-86.5129625
"300 Shadow Creek Dr, Brentwood, TN 37027, USA",36.007246,-86.725354
"101 Westpark Drive, Brentwood, Tennessee, USA",36.037488,-86.801403
"1109 S Main St, Springfield, TN 37172, USA",36.502564,-86.886239
"725 Cool Springs Blvd., Franklin, Tennessee, USA",35.9440011,-86.8062551
"1600 Division Street, Nashville, TN, USA",36.1520952,-86.7916492
"1125 12th Ave S, Nashville, TN 37203, USA",36.1443746,-86.7866517
"1001 Edgehill Avenue, Nashville, Tennessee, USA",36.141795,-86.78362
"404 Hogan Road, Nashville, Tennessee, USA",36.0624804,-86.7460378
"1804 Hayes St, Nashville, TN, USA",36.1539932,-86.7969698
"643 Spence Lane, Nashville, TN, USA",36.1383665,-86.7236852
"Thompsons Station, Williamson County, Tennessee, USA",35.7897004,-86.8611139
"6172 Cockrill Bend Cir, Nashville, TN 37209, USA",36.1779668,-86.8918148
"504 Holt Briar Court, Nashville, TN, USA",36.0098464,-86.725449
"41 Peabody Street, Nashville, Tennessee, USA",36.1576761,-86.7697963
"1935 21st Ave S, Nashville, TN 37212, USA",36.1354858,-86.801129
"3652 Chesapeake Dr, Nashville, TN 37207, USA",36.2453094,-86.7693122
"4101 Harding Pike, Nashville, TN, USA",36.0974444,-86.8753932
"1910A Valley Park Dr, Nashville, Tennessee, USA",36.196685,-86.7117264
"4305 Esteswood Dr, Nashville, TN 37215, USA",36.0995265,-86.8392267
"718 Thompson Ln, Nashville, TN 37204, USA",36.1128338,-86.7650263
"7199 Cockrill Bend Blvd, Nashville, TN 37209, USA",36.1765092,-86.8947992
"143 Yorktown Dr, Franklin, TN 37064, USA",35.9150998,-86.8546412
"3511 Gallatin Pike, Nashville, TN 37216, USA",36.21112,-86.7330642
"300 Duke Dr, Lebanon, TN, USA",36.1274658,-86.4050146
"301 Plus Park Blvd, Nashville, TN 37217, USA",36.129977,-86.725468
"5233 Harding Pl, Nashville, TN 37217, USA",36.0927682,-86.6833717
"922 Main St, Nashville, TN 37206, USA",36.1764942,-86.7551452
"1209 Calvin Ave, Nashville, Tennessee, USA",36.181537,-86.746779
"4117 Hillsboro Pike, Nashville, Tennessee, USA",36.1016548,-86.8183399
"209 Donelson Hills Drive, Nashville, TN, USA",36.1705336,-86.7016802
"518B Snyder Avenue, Nashville, TN, USA",36.1544264,-86.8602981
"228 2nd Ave S, Franklin, TN, USA",35.9237791,-86.8662244
"726 S Church St, Murfreesboro, Tennessee, USA",35.838792,-86.39262
"200 East Main Street, Murfreesboro, TN, USA",35.845744,-86.390038
"Hermitage, Davidson County, Tennessee, USA",36.1961664,-86.6224959
"2301 Vanderbilt Pl, Nashville, Tennessee, USA",36.144892,-86.8033582
"5342 Green Valley Ct, Nashville, Tennessee, USA",36.051605,-86.693612
"3 Lindsley Ave, Nashville, TN 37210, USA",36.1541341,-86.7646015
"427 Nichol Mill Ln, Franklin, TN 37067, USA",35.9568381,-86.8186631
"4014 Indiana Ave, Nashville, TN 37209, USA",36.1572148,-86.8351727
"415 N Maple Street, Murfreesboro, Tennessee, USA",35.8494646,-86.3922473
"15512 Old Hickory Blvd, Nashville, TN 37211, USA",36.0402084,-86.7384472
"319 Ezell Pike, Nashville, TN 37217, USA",36.1006021,-86.6721582
"3085 Rural Plains Cir, Franklin, TN 37064, USA",35.865773,-86.8389811
"501 Union St, Nashville, Tennessee, USA",36.1639672,-86.7819131
"109  Lafayette Street, Nashville, Tennessee, USA",36.1485258,-86.7618056
"1008 19th Ave S, Nashville, TN 37212, USA",36.1470154,-86.7969814
"410 Dejarnette Ln, Murfreesboro, TN 37130, USA",35.8873588,-86.3713269
"220 Venture Cir, Nashville, TN 37228, USA",36.1943959,-86.7952608
"139 Thompson Ln, Nashville, TN 37211, USA",36.1095985,-86.7283142
"713 18th Ave South, Nashville, Tennessee, USA",36.1510848,-86.7944601
"615 Main St, Nashville, TN 37206, USA",36.1745128,-86.7617189
"401 Maplewood Drive, Franklin, Tennessee, USA",35.9105795,-86.8406933
"1408 Jackson St, Nashville, Tennessee, USA",36.168142,-86.7997878
"910a Ridgely Road, Murfreesboro, TN, USA",35.8527458,-86.4004801
"1 Vantage Way, Nashville, Tennessee, USA",36.192797,-86.790981
"Pleasant View, TN 37146, USA",36.3942164,-87.0366685
"6101 Centennial Blvd, Nashville, TN 37209, USA",36.167788,-86.859661
"117 Harrington Avenue, Madison, Tennessee, USA",36.2572956,-86.7134068
"132 S Water Ave, Gallatin, TN 37066, USA",36.3879059,-86.4463462
"7533 Lords Chapel Dr, Nashville, TN 37211, USA",36.026715,-86.7100859
"4317 Long Lane, Franklin, TN, USA",35.8651235,-86.8304451
"2300 Ridgecrest Dr, Nashville, TN 37216, USA",36.205988,-86.714838
"3600 Clarksville Pike, Nashville, TN 37218, USA",36.1971411,-86.8366174
"7228 Johnson Street, Christiana, TN, USA",35.7101694,-86.3934691
"1300 56th Avenue North, Nashville, Tennessee, USA",36.162556,-86.855569
"604 Gallatin Avenue, Nashville, Tennessee, USA",36.1832974,-86.7491182
"3524 Murphy Rd, Nashville, TN 37205, USA",36.1400806,-86.8258051
"Hermitage, TN 37076, USA",36.1961664,-86.6224959
"1616 Westgate Circle, Brentwood, Tennessee, USA",35.9691627,-86.8025232
"2400 Clifton Ave, Nashville, TN 37209, USA",36.158256,-86.81275
"2900 Felicia Street, Nashville, TN, USA",36.154697,-86.819915
"190 Old Nashville Highway, La Vergne, TN, USA",36.0194199,-86.5789023
"156 Space Park South, Nashville, Tennessee, USA",36.0974723,-86.7066062
"4209 Kings Court, Nashville, Tennessee, USA",36.2143658,-86.850632
"406 N. Main Street, Springfield, Tennessee, USA",36.5105675,-86.8846443
"124 6th Ave, Springfield, TN 37172, USA",36.5085926,-86.8860344
"237 French Landing Dr, Nashville, Tennessee, USA",36.1955594,-86.7974943
"101 Westpark Drive, Brentwood, TN, USA",36.037488,-86.801403
"601 4th Ave S, Nashville, TN, USA",36.154564,-86.773138
"2144 Fairfax Ave, Nashville, TN, USA",36.1346319,-86.8051888
"108 7th Avenue South, Nashville, Tennessee, USA",36.1591346,-86.7804116
"705 Drexel St, Nashville, TN 37203, USA",36.1527175,-86.7779385
"2175 Friendship Rd, Cross Plains, TN 37049, USA",36.5686281,-86.6724266
"2255 Memorial Boulevard, Murfreesboro, TN, USA",35.9022331,-86.3836293
"1453 Hope Way, Murfreesboro, TN 37129, USA",35.8710705,-86.4236473
"1549 Old Hillsboro Rd, Franklin, TN 37069, USA",35.9812956,-86.9184543
"905 Mallard Dr, Gallatin, Tennessee, USA",36.382487,-86.4798525
"631 2nd Ave S, Nashville, TN 37210, USA",36.1550701,-86.7706566
"4220 Harding Pike, Nashville, TN, USA",36.1296963,-86.8446452
"1700 Medical Center Pkwy, Murfreesboro, TN 37129, USA",35.8607444,-86.4243634
"1205 8th Ave S, Nashville, TN 37203, USA",36.1400998,-86.7783826
"1137 West Main Street, Murfreesboro, Tennessee, USA",35.8449344,-86.4074969
"410 South 5th Street, Nashville, TN, USA",36.1687497,-86.7629934
"1308 Love Joy Ct, Nashville, TN 37216, USA",36.2058365,-86.7271314
"437 Ezell Pike, Nashville, TN 37217, USA",36.0961483,-86.6741288
"101 Lakeview Dr, Ashland City, TN 37015, USA",36.273645,-87.056408
"1027 18th Ave South, Nashville, Tennessee, USA",36.1464839,-86.7952441
"4588 Carothers Parkway, Franklin, TN, USA",35.8876051,-86.8197845
"331 Great Circle Rd, Nashville, TN 37228, USA",36.1981332,-86.7940422
"100 Raikes St, Smyrna, TN 37167, USA",35.9781892,-86.5203015
"108 Donelson Pike, Nashville, Tennessee, USA",36.1670713,-86.6635195
"174 Rains Ave, Nashville, TN 37203, USA",36.1332614,-86.7640229
"4805 Park Ave, Nashville, TN, USA",36.1509074,-86.8448647
"101 French Landing Dr, Nashville, TN 37228, USA",36.188995,-86.796958
"311 Monticello Rd, Franklin, TN, USA",35.9503048,-86.8813668
"1116 Stratford Ave, Nashville, TN 37216, USA",36.2143211,-86.7299966
"6100 Centennial Blvd, Nashville, Tennessee, USA",36.168539,-86.860632
"315 Tampa Drive, Nashville, TN, USA",36.0857394,-86.7139223
"820 Gale Ln, Nashville, TN 37204, USA",36.117817,-86.7764478
"3441 Dickerson Pike, Nashville, Tennessee, USA",36.2450987,-86.7495457
"438 Beauchamp Cir, Franklin, Tennessee, USA",35.9342406,-86.7935803
"1119 12th Ave S, Nashville, TN 37203, USA",36.1444224,-86.7866382
"110 7th Ave. N., Nashville, Tennessee, USA",36.1603552,-86.7813993
"2334 Herman St, Nashville, TN 37208, USA",36.1622763,-86.8112873
"192 Graylynn Drive, Nashville, TN, USA",36.1677191,-86.6751994
"2469 Bransford Ave, Nashville, TN 37204, USA",36.1254959,-86.7659803
"1113 Murfreesboro Road, Franklin, Tennessee, USA",35.9186346,-86.8352409
"632 Fogg St, Nashville, TN 37203, USA",36.1508174,-86.7769192
"3132 Ewingwood Drive, Nashville, TN, USA",36.2355252,-86.7905559
"2340 Wimbledon Cir, Franklin, Tennessee, USA",35.9708411,-86.8916573
"6207 Centennial Blvd, Nashville, TN 37209, USA",36.1684506,-86.8608277
"201 Venture Circle, Nashville, Tennessee, USA",36.194276,-86.796441
"477 McMurray Drive, Nashville, TN, USA",36.0589704,-86.7214621
"150 3rd Ave. S #1900, Nashville, Tennessee, USA",36.1610366,-86.7755294
"1033 Demonbreun St #205, Nashville, Tennessee, USA",36.1547434,-86.7844462
"4050 Cairo Bend Road, Lebanon, Tennessee, USA",36.2887597,-86.3816672
"1704 Charlotte Ave, Nashville, TN 37203, USA",36.1586644,-86.7990242
"2212 East Main Street, Murfreesboro, TN, USA",35.839771,-86.353731
"5115 Maryland Way, Brentwood, TN 37027, USA",36.0332923,-86.8013799
"2304 Bernard Ave, Nashville, Tennessee, USA",36.1317045,-86.8044708
"325 St Clair St, Murfreesboro, Tennessee, USA",35.8528674,-86.3934044
"5601 New York Ave, Nashville, TN 37209, USA",36.1652498,-86.8559708
"1704 Heiman St, Nashville, TN 37208, USA",36.1719945,-86.8052701
"300 South Tarver Avenue, Lebanon, TN 37087, USA",36.204798,-86.302617
"500 Church St, Nashville, TN 37219, USA",36.1633809,-86.7805664
"1162 Foster Ave, Nashville, TN, USA",36.136047,-86.7411123
"281 Country Village Dr P120, Smyrna, Tennessee, USA",35.9580212,-86.5267026
"Haynes Dr, Murfreesboro, TN 37129, USA",35.892128,-86.3984387
"4003 Indiana Avenue, Nashville, TN, USA",36.156998,-86.8345783
"1718 Church St, Nashville, TN 37203, USA",36.1557512,-86.7963628
"810 12th Ave S, Nashville, TN 37203, USA",36.1496178,-86.7846448
"2783 Smith Springs Rd, Nashville, TN 37217, USA",36.0890505,-86.6136714
"182 West Franklin Street, Gallatin, TN, USA",36.3886721,-86.4496506
"183 B, West Main Street, Gallatin, TN, USA",36.3872337,-86.4505481
"108 Grapevine Rd, Hendersonville, TN 37075, USA",36.3261652,-86.6049389
"102B Public Sq, Gallatin, Tennessee, USA",36.3888913,-86.4460384
"720 Blythe Ave, Gallatin, TN, USA",36.4016758,-86.4514202
"976 Grassland Place, Gallatin, Tennessee, USA",36.361919,-86.49289
"6339 Charlotte Pk #669, Nashville, Tennessee, USA",36.144449,-86.8719907
"955 Woodland St, Nashville, TN, USA",36.1762218,-86.7535288
"2921 Harlin Drive, Nashville, Tennessee, USA",36.1100074,-86.7483339
"3110 Hillcrest Place, Nashville, TN 37203, USA",36.1429686,-86.8187398
"293 Vivelle Ave, Nashville, Tennessee, USA",36.1267887,-86.7493977
"1504 Edgewood Dr, Lebanon, TN, USA",36.2135199,-86.3372826
"3606 Hewlett Dr, Nashville, TN, USA",36.095857,-86.728806
"326 54th Ave N, Nashville, TN 37209, USA",36.150155,-86.853226
"414 Union Street, Nashville, Tennessee, USA",36.1649326,-86.780662
"9078 Berry Farms Crossing, Franklin, TN 37064, USA",35.867581,-86.837829
"136 Frierson St, Brentwood, TN 37027, USA",36.0348496,-86.7840682
"214 Public Square, Watertown, Tennessee, USA",36.1003477,-86.1342248
"801 2nd Avenue North, Nashville, TN, USA",36.1718146,-86.781447
"5099 Kittrell Rd, Nashville, TN 37221, USA",36.040645,-86.953477
"6339 Charlotte Pike, Nashville, TN, USA",36.144449,-86.8719907
"1451 Elm Hill Pike, Nashville, TN 37210, USA",36.1438074,-86.7252158
"745 S Church St, Murfreesboro, Tennessee, USA",35.8391476,-86.3923608
"193 Polk Avenue, Nashville, Tennessee, USA",36.1336349,-86.7486732
"707 Shadycrest Ln, Franklin, TN 37064, USA",35.911066,-86.8406739
"209 10th Avenue South, Nashville, Tennessee, USA",36.1551458,-86.7825585
"446 James Robertson Pkwy, Nashville, Tennessee, USA",36.1670119,-86.7807466
"107 Music City Circle, Nashville, Tennessee, USA",36.2228739,-86.6966107
"831 Seven Oaks Blvd, Smyrna, Tennessee, USA",35.9384141,-86.5309429
"220 French Landing Drive, Nashville, Tennessee, USA",36.1948673,-86.7970528
"701 Bradford Avenue, Nashville, TN, USA",36.1292225,-86.7754723
"400 Franklin Rd, Franklin, TN 37069, USA",35.9431486,-86.8546836
"201 E. Main Street, Murfreesboro, Tennessee, USA",35.845907,-86.390012
"1006 Shelby Ave, Nashville, TN 37206, USA",36.1712586,-86.752167
"3310 Ezell Rd, Nashville, Tennessee, USA",36.0819921,-86.6891799
"155 Lafayette St, Nashville, TN, USA",36.147394,-86.758453
"1229 Lakeview Drive, Franklin, TN, USA",35.9196125,-86.8256215
"505 Fesslers Ln, Nashville, TN 37210, USA",36.1460346,-86.744308
"5188 Old Hickory Blvd, Nashville, TN 37218, USA",36.217513,-86.9173937
"505 Deaderick Street, Nashville, Tennessee, USA",36.164551,-86.7824167
"1732 Lebanon Pike Cir, Nashville, TN 37210, USA",36.1524517,-86.7147419
"104 Woodmont Blvd, Nashville, Tennessee, USA",36.1099709,-86.7797325
"6829 Sunnywood Dr, Nashville, TN 37211, USA",36.0138291,-86.6989747
"710 Spence Lane, Nashville, Tennessee, USA",36.1372358,-86.7240867
"136 Rains Ave, Nashville, TN 37203, USA",36.137347,-86.7641637
"2355 Alteras Dr, Nashville, Tennessee, USA",36.0222522,-86.7021595
"2603 Elm Hill Pike, Nashville, TN 37214, USA",36.1515877,-86.6767479
"1431 Sumner Avenue, Nashville, Tennessee, USA",36.1859241,-86.742857
"1615 Russell Street, Nashville, TN, USA",36.1744731,-86.7418061
"3500 John A Merritt Blvd, Nashville, Tennessee, USA",36.168265,-86.8268864
"301 Red Hawk Parkway, Smyrna, TN, USA",35.9282963,-86.5595463
"4531 Trousdale Drive, Nashville, Tennessee, USA",36.0861043,-86.754539
"270 Locustwood Dr, Nashville, TN 37211, USA",36.0688533,-86.702539
"3431 Birchwood Circle, Murfreesboro, TN, USA",35.8403817,-86.4743509
"300 Orlando Ave, Nashville, TN 37209, USA",36.148807,-86.856726
"5000 Linbar Drive, Nashville, Tennessee, USA",36.081788,-86.701738
"901 Broadway, Nashville, TN 37202, USA",36.157875,-86.784229
"5543 Edmondson Pike #155, Nashville, Tennessee, USA",36.0412791,-86.7438907
"1213 16th Ave S, Nashville, TN 37212, USA",36.1424586,-86.7935551
"7051 Highway 70 South, Nashville, TN, USA",36.0737269,-86.917876
"2817 West End Ave, NASHVILLE, Tennessee, USA",36.144374,-86.812215
"6535 Premier Drive, Nashville, TN, USA",36.1448639,-86.8791198
"545 Mainstream Drive, Nashville, Tennessee, USA",36.1945124,-86.8176625
"129 W Fowlkes St, Franklin, TN 37064, USA",35.9182878,-86.8757884
"4900 Millerwood Drive, Nashville, Tennessee, USA",36.065548,-86.719719
"141 MTCS Rd, Murfreesboro, TN 37129, USA",35.8705935,-86.3889778
"631 2nd Avenue South, Nashville, TN, USA",36.1550701,-86.7706566
"41 Tusculum Rd, Antioch, TN 37013, USA",36.0523662,-86.67701
"533 Brick Church Park Drive, Nashville, Tennessee, USA",36.2241295,-86.7890937
"501 Union St, Nashville, TN 37219, USA",36.1639672,-86.7819131
"1056 Lake Ct, Gallatin, TN 37066, USA",36.3345964,-86.5003845
"520 Commerce St, Nashville, TN 37203, USA",36.1615851,-86.780187
"2552 South Church Street, Murfreesboro, Tennessee, USA",35.801602,-86.398402
"784 Gloucester Ln, Nashville, TN, USA",36.0737592,-86.9915811
"821 S Douglas Ave, Nashville, Tennessee, USA",36.131388,-86.7801873
"392 Harding Place, Nashville, TN, USA",36.0848544,-86.7038419
"154 Rep. John Lewis Way N, Nashville, TN 37219, USA",36.1630404,-86.779808
"33 Burton Hills Boulevard, Nashville, TN, USA",36.092957,-86.822014
"413 Herringbone Court, Franklin, TN, USA",35.9067529,-86.8706805
"610 W Old Hickory Blvd, Madison, TN 37115, USA",36.262443,-86.7090169
"5016 Centennial Blvd, Nashville, Tennessee, USA",36.1622652,-86.8487729
"507 Hagan St, Nashville, TN 37203, USA",36.1414398,-86.7711991
"1018 16th Avenue North, Nashville, TN, USA",36.168753,-86.802319
"3010 Poston Ave, Nashville, TN 37203, USA",36.1453937,-86.8151668
"217 Willow Street, Nashville, TN, USA",36.1544995,-86.7546725
"511 Union Street, Nashville, Tennessee, USA",36.1638767,-86.7818148
"1116 1st Avenue South, Nashville, Tennessee, USA",36.1474424,-86.7639478
"3130 McGavock Pk, Nashville, TN 37214, USA",36.1894052,-86.6746476
"229 Gloucester Street, Franklin, TN, USA",35.914745,-86.8564072
"205 Monks Way, Franklin, TN, USA",35.9254792,-86.8512235
"406 Lazy Creek Ln, Nashville, TN 37211, USA",36.037038,-86.747089
"415 Spence Lane, Nashville, Tennessee, USA",36.1515551,-86.7218965
"430 E Iris Dr, Nashville, TN 37204, USA",36.1146915,-86.7632245
"3812 Hillsboro Road, Nashville, Tennessee, USA",36.0935801,-86.8269373
"819 33rd Ave N, Nashville, TN 37209, USA",36.1596695,-86.8252803
"4206 Gallatin Pike, Nashville, TN 37216, USA",36.224291,-86.7257262
"18 Volunteer Dr, Hendersonville, TN 37075, USA",36.3096657,-86.6190196
"1105 Stainback Ave, Nashville, TN 37207, USA",36.1901225,-86.7650463
"308 W Castle St, Murfreesboro, TN 37129, USA",35.8419505,-86.3942533
"1105 Fowler Ford Rd, Portland, TN 37148, USA",36.5749878,-86.4945188
"1050 Glenbrook way, Hendersonville, Tennessee, USA",36.3320517,-86.622169
"Nashville, TN 37206, USA",36.1622767,-86.7742984
"2121 W Linden Ave, Nashville, Tennessee, USA",36.1275359,-86.8044585
"401 Gay Street, Nashville, Tennessee, USA",36.1684143,-86.7814469
"5904 California Ave, Nashville, TN 37209, USA",36.1645973,-86.8582997
"3605 Hillsboro Pike, Nashville, TN 37215, USA",36.1053174,-86.8142071
"1806 Meridian St, Nashville, TN 37207, USA",36.2038985,-86.7661385
"4100 Clarksville Hwy, Nashville, TN 37218, USA",36.214486,-86.83796
"402 22nd Ave N, Nashville, TN 37203, USA",36.1564631,-86.8071972
"Post office, 810 Oak Meadow Dr, Franklin, TN 37064, USA",35.9090179,-86.83377
"1908 Grand Ave, Nashville, TN, USA",36.1475602,-86.7970264
"1600 Summerlyn Drive, Nolensville, Tennessee, USA",35.9427471,-86.6535452
"700 W Meade Blvd, Franklin, TN 37064, USA",35.9149589,-86.8890694
"1154 Park Ave, Murfreesboro, TN 37129, USA",35.8369303,-86.396936
"1114 North 2nd Street, Nashville, TN, USA",36.1904178,-86.7705832
"6717 Centennial Blvd, Nashville, Tennessee, USA",36.171144,-86.8718257
"631 Dickerson Pike, Nashville, TN, USA",36.1829659,-86.7739936
"354 Cool Springs Blvd, Franklin, TN 37067, USA",35.9432679,-86.8291718
"204 Downeymeade Dr, Nashville, TN 37214, USA",36.1823767,-86.642199
"2246 Keeneland Commercial Blvd, Murfreesboro, TN, USA",35.8109104,-86.3674943
"404 Wayside Ct, Nashville, TN 37205, USA",36.099572,-86.9074456
"7208 Grammar Drive, Fairview, Tennessee, USA",35.956461,-87.1277258
"2901 Glencliff Rd, Nashville, TN 37211, USA",36.1111694,-86.7208312
"303 Watts Cir, Nashville, Tennessee, USA",36.1411859,-86.8719079
"221 East College Street, Murfreesboro, Tennessee, USA",35.8468968,-86.3896711
"2728 Eugenia Ave, Nashville, TN 37211, USA",36.1123398,-86.7530577
"7208 Little John Lane, Fairview, Tennessee, USA",35.9690151,-87.1155634
"1606 Porter Road, Nashville, Tennessee, USA",36.1953646,-86.7245896
"414 Union Street, Nashville, TN, USA",36.1649326,-86.780662
"5122 Charlotte Ave, Nashville, TN 37209, USA",36.1520377,-86.8489597
"4890 Nolensville Rd, Nashville, TN 37211, USA",36.005565,-86.6999791
"1504 Sugarwood Drive, Brentwood, TN, USA",35.9959684,-86.7111146
"521 Lee St, Murfreesboro, TN 37130, USA",35.8497015,-86.3847536
"1006 Pepper Street, Springfield, Tennessee, USA",36.5044118,-86.8889087
"208a McGavock Pk, Nashville, TN 37214, USA",36.1627149,-86.6810659
"946 Battlefield Drive, Nashville, TN, USA",36.114835,-86.7851169
"798 Berry Road, Nashville, TN, USA",36.1201937,-86.7725017
"208 Fitzgerald Street, Franklin, Tennessee, USA",35.9225263,-86.918477
"708 Columbia Ave, Franklin, Tennessee, USA",35.9223616,-86.8720869
"616 Stockell Street, Nashville, TN, USA",36.1816572,-86.7704801
"636 Farrell Pkwy, Nashville, TN 37220, USA",36.0757351,-86.7652346
"204 East Trinity Lane, Nashville, TN, USA",36.2052869,-86.766297
"129 West Fowlkes Street, Franklin, TN, USA",35.9182878,-86.8757884
"1014 3rd Ave S, Nashville, TN 37210, USA",36.1479892,-86.7673272
"204 Donelson Pk, Nashville, Tennessee, USA",36.1621551,-86.6642023
"323 E Old Hickory Blvd, Madison, Tennessee, USA",36.2627425,-86.7063201
"205 Indian Lake Blvd, Hendersonville, TN 37075, USA",36.3190662,-86.6026146
"1200 9th Avenue North, Nashville, Tennessee, USA",36.173687,-86.792778
"808 S Main St, Springfield, TN 37172, USA",36.5066133,-86.8853119
"2711 Foster Ave, Nashville, TN 37210, USA",36.1150256,-86.7437272
"1 Terminal Dr, Nashville, TN 37214, USA",36.1195849,-86.6826622
"250 Venture Cir, Nashville, TN 37228, USA",36.1959406,-86.7955928
"3050 Medical Center Pkwy, Murfreesboro, TN 37129, USA",35.8669453,-86.448552
"216 Hartmann Drive, Lebanon, Tennessee, USA",36.2351775,-86.2774013
"601 Benton Avenue, Nashville, Tennessee, USA",36.1318319,-86.7687182
"260 E Winchester St, Gallatin, TN 37066, USA",36.3863762,-86.4411172
"1409 Winthorne Drive, Nashville, TN, USA",36.1128765,-86.7032757
"812 Potter Ln, Nashville, TN 37206, USA",36.1793381,-86.7149784
"235 White Bridge Pike, Nashville, TN 37209, USA",36.1398186,-86.8572912
"924 Bresslyn Rd, Nashville, TN 37209, USA",36.1305062,-86.89631
"822 Woodland St, Nashville, TN 37206, USA",36.1742976,-86.7580633
"50 Vantage Way, Nashville, Tennessee, USA",36.1917653,-86.7939834
"5016 Centennial Blvd, Nashville, TN 37209, USA",36.1622652,-86.8487729
"4909 Salem Drive, Nashville, TN, USA",36.0739552,-86.74885
"4527 Nolensville Pike, Nashville, Tennessee, USA",36.0860848,-86.7293354
"1211 Medical Center Drive, Nashville, TN, USA",36.1409238,-86.8016342
"950 Graybar Lane, Nashville, Tennessee, USA",36.108411,-86.7868397
"4900 Centennial Blvd Suite 300, Nashville, TN 37209, USA",36.1627793,-86.8468786
"237 Old Hickory Blvd, Nashville, Tennessee, USA",36.0394317,-86.7816879
"7037 Northridge Dr, Nashville, TN 37221, USA",36.061211,-86.95382
"4117 Hillsboro Pike, Nashville, TN, USA",36.1016548,-86.8183399
"1504 Williams Drive, Murfreesboro, TN, USA",35.8627787,-86.4198286
"826 Cole's Ferry Rd, Gallatin, TN 37066, USA",36.3590536,-86.4119587
"300 North Maple Street, Lebanon, TN, USA",36.211147,-86.293465
"1480 Nashville Pk, Gallatin, Tennessee, USA",36.3571185,-86.5025509
"203 3rd Ave N, Franklin, TN 37064, USA",35.9268345,-86.8702333
"1925 Parade Drive, Brentwood, TN, USA",35.9413388,-86.7590541
"1014 Lischey Avenue, Nashville, TN, USA",36.1887192,-86.7642249
"446 Metroplex Dr, Nashville, TN 37211, USA",36.0892372,-86.6962674
"1108 Chelsey Court, Brentwood, TN, USA",36.005716,-86.8471582
"1125 8th Ave S, Nashville, TN 37203, USA",36.1422536,-86.7793969
"3220 Toddway Court, Nashville, TN, USA",36.1725956,-86.6695736
"100 Bonnabrook Dr, Hermitage, TN 37076, USA",36.19187,-86.624893
"1 S 7th St, Nashville, TN, USA",36.174461,-86.760778
"1224 Bell Grimes Lane, Nashville, Tennessee, USA",36.269599,-86.7670049
"Nashville, TN 37212, USA",36.1622767,-86.7742984
"223 Bridge Street, Franklin, TN, USA",35.9271354,-86.8690323
"WHITES CREEK, Davidson County, Tennessee, USA",36.2658869,-86.8308324
"851 Isabella Ln, Smyrna, TN 37167, USA",35.98014,-86.5533124
"510 South Hancock Street, Murfreesboro, Tennessee, USA",35.8396935,-86.3806608
"1045 Bison Trail, Gallatin, Tennessee, USA",36.3662974,-86.5451829
"520 39th Avenue North, Nashville, TN, USA",36.1558189,-86.8327967
"3900 West End Ave, Nashville, TN 37205, USA",36.1345033,-86.8255025
"130 Cottage Ln, Nashville, TN 37214, USA",36.1708068,-86.6922688
"1900 Belmont Blvd., Nashville, Tennessee, USA",36.135233,-86.795485
"800 Founders Pointe Boulevard, Franklin, TN, USA",35.931535,-86.901446
"2594 Murfreesboro Pike, Nashville, TN, USA",36.0748167,-86.638837
"9318 Lake Shore Drive, Brentwood, TN, USA",35.9853816,-86.7572349
"274 Mallory Station Rd, Franklin, TN 37067, USA",35.9561345,-86.8282307
"510 11th Ave N, Franklin, TN, USA",35.9258677,-86.8800997
"1205 Columbia Ave, Franklin, TN 37064, USA",35.9150851,-86.8735156
"511 W Meade Blvd, Franklin, Tennessee, USA",35.9147436,-86.8853735
"1314 Columbia Ave, Franklin, TN 37064, USA",35.914666,-86.8738
"301 5th Ave W, Springfield, TN, USA",36.509679,-86.887413
"209 East Market Street, Lebanon, TN, USA",36.2089687,-86.2891724
"111 Castle Heights Avenue, Lebanon, TN, USA",36.2092533,-86.3073583
"321 E Market St, Lebanon, TN 37087, USA",36.2086189,-86.2860039
"115 Clemmons Rd, Mt. Juliet, TN 37122, USA",36.2002318,-86.5058996
"925 E. Baddour Parkway, Lebanon, Tennessee, USA",36.1961436,-86.2754317
"2055 N Mt Juliet Rd, Mt. Juliet, TN 37122, USA",36.1873083,-86.511102
"150 4th Ave N, Nashville, TN 37219, USA",36.1621868,-86.7778534
"1200 Broadway #1919, Nashville, TN, USA",36.156601,-86.787668
"1301 E Main St, Murfreesboro, TN 37132, USA",35.8486009,-86.3609036
"798 Berry Rd #41421, Nashville, Tennessee, USA",36.1201937,-86.7725017
"211 Donelson Pike, Nashville, Tennessee, USA",36.1616181,-86.6640932
"120 Cinema Drive, Hendersonville, Tennessee, USA",36.3287405,-86.587631
"335 Whitsett Road, Nashville, Tennessee, USA",36.1152953,-86.7460785
"1784 Northfield Blvd, Murfreesboro, Tennessee, USA",35.8709467,-86.4158229
"305 Donelson Pike, Nashville, Tennessee, USA",36.1588439,-86.6645371
"223 Rosa L Parks Ave, Nashville, Tennessee, USA",36.1619665,-86.7839902
"1000 Church Street, Nashville, TN, USA",36.160632,-86.786223
"7303 Althorp Way, Nashville, TN 37211, USA",36.0266229,-86.7111626
"798 Berry Rd, Nashville, TN 37204, USA",36.1201937,-86.7725017
"1515 16th Ave S, Nashville, Tennessee, USA",36.1385968,-86.7943922
"512A Fisk St, Nashville, Tennessee, USA",36.1597176,-86.7999169
"366 W Main St, Hendersonville, TN 37075, USA",36.3034564,-86.6267962
"3016 Nolensville Pk, Nashville, TN 37211, USA",36.0664773,-86.7178437
"599 Jones Mill Road, La Vergne, TN, USA",36.0537922,-86.5131501
"722 Columbia Avenue, Franklin, TN, USA",35.922228,-86.8721187
"3310 Perimeter Hill Dr, Nashville, TN 37211, USA",36.0849406,-86.6961536
"1608 Woodmont Blvd, Nashville, TN 37215, USA",36.1132922,-86.8018653
